{
    "ml_d1_predelivery": {
        "normal": [
            0.7286056711546308,
            0.6746710526315789,
            0.6713178294573643,
            0.714047837617299,
            0.7539014687882496,
            0.6701269889840881,
            0.6736434108527132,
            0.6990029579763362,
            0.7247475520195837,
            0.7521368829049366
        ],
        "permuted": [
            0.7588076295389636,
            0.6793885148918808,
            0.6624643002855976,
            0.703218074255406,
            0.7708001835985312,
            0.6721414728682169,
            0.6486587107303141,
            0.7231971644226846,
            0.7064106487148103,
            0.7522592819257445
        ]
    },
    "ml_d2_earlydeath": {
        "normal": [
            0.7697373653818622,
            0.7927556750393713,
            0.8329939710163371,
            0.7756390881758745,
            0.7371983519717481,
            0.7825827593337895,
            0.8510809220049951,
            0.6951465886133338,
            0.7639151806308958,
            0.794370297313205
        ],
        "permuted": [
            0.7890810174506466,
            0.7829327267231918,
            0.8326121884097165,
            0.7532332214498194,
            0.7501550991839397,
            0.7719087539570176,
            0.8083451314763852,
            0.6752620778518367,
            0.765299142579896,
            0.7996039005456311
        ]
    },
    "ml_d3_latedeath": {
        "normal": [
            0.5602158243055263,
            0.6271550815664123,
            0.6140454411330776,
            0.431648611052565,
            0.6516039286768115,
            0.5718922564599755,
            0.7459006027905409,
            0.5727353201534375,
            0.6776545968047887,
            0.6663575433123973
        ],
        "permuted": [
            0.5205496775281372,
            0.6213800952661973,
            0.5892172153606204,
            0.49803987691270074,
            0.6400961092610546,
            0.494035324368756,
            0.6954853939215109,
            0.564684061880875,
            0.6964127639843191,
            0.6240357459006028
        ]
    }
}