{
    "ml_d1_predelivery": {
        "normal": [
            0.7186296676944158,
            0.6785653829877274,
            0.7229092404716205,
            0.6359610638881271,
            0.702810529202084
        ],
        "permuted": [
            0.7418842069201782,
            0.727034842714064,
            0.7445845900740334,
            0.6809158212229229,
            0.6877022210035647
        ]
    },
    "ml_d2_earlydeath": {
        "normal": [
            0.7893645189761694,
            0.8508826125330979,
            0.7227653778744431,
            0.7654623392529087,
            0.811183716720385
        ],
        "permuted": [
            0.80977493380406,
            0.8672109443954105,
            0.6739447177819542,
            0.7614502607851004,
            0.8125303545410394
        ]
    },
    "ml_d3_latedeath": {
        "normal": [
            0.3854673807205453,
            0.5957135898684851,
            0.7719434973209938,
            0.4618850462737457,
            0.6956892352654652
        ],
        "permuted": [
            0.5272638753651412,
            0.635849975645397,
            0.7754505601558696,
            0.6197028738431564,
            0.7765465172917682
        ]
    }
}