column,dtype,non_missing_n,missing_n,missing_pct,unique_n,count,mean,std,min,25%,50%,75%,max,used in interpretation,interpretation note
Maternal Age,float64,10570,26,0.25,34,10570.0,25.60879848628193,5.916066842611732,13.0,21.0,25.0,30.0,46.0,Yes,
Years of Education,float64,9884,712,6.72,13,9884.0,8.776102792391745,2.182726227735316,1.0,7.0,9.0,10.0,15.0,Yes,
Parity,float64,10589,7,0.07,10,10589.0,1.5728586268769478,1.4910335069691891,0.0,0.0,1.0,2.0,9.0,Yes,
Maternal Height,float64,9382,1214,11.46,69,9382.0,157.86740567043273,6.381429029804061,69.0,154.0,158.0,162.0,199.0,No,Used only to derive BMI
Maternal Weight,float64,10195,401,3.78,95,10195.0,63.878754291319275,11.242997856549813,29.0,56.0,62.0,70.0,170.0,No,Used only to derive BMI
Multiple Birth,float64,10525,71,0.67,2,10525.0,0.021472684085510688,0.14496069972812123,0.0,0.0,0.0,0.0,1.0,Yes,
Antenatal Visits,float64,10502,94,0.89,9,10502.0,3.0961721576842507,0.9752125571092481,0.0,2.0,3.0,4.0,8.0,Yes,
Gestation,float64,10596,0,0.0,277,10596.0,266.7603812759532,32.59863691400634,0.0,253.0,273.0,284.0,388.0,Yes,
