column,dtype,non_missing_n,missing_n,missing_pct,unique_n,count,mean,std,min,25%,50%,75%,max,used in interpretation,interpretation note
Maternal Age,float64,10285,25,0.24,33,10285.0,25.601652892561983,5.904966397076739,13.0,21.0,25.0,30.0,45.0,Yes,
Years of Education,float64,9618,692,6.71,13,9618.0,8.774173424828447,2.182804624270113,1.0,7.0,9.0,10.0,15.0,Yes,
Parity,float64,10303,7,0.07,10,10303.0,1.5734252159565174,1.4856527281786938,0.0,0.0,1.0,2.5,9.0,Yes,
Maternal Height,float64,9127,1183,11.47,68,9127.0,157.8665497973047,6.355453409475082,69.0,154.0,158.0,162.0,199.0,No,Used only to derive BMI
Maternal Weight,float64,9920,390,3.78,93,9920.0,63.87930443548387,11.212619906422598,29.0,56.0,62.0,70.0,170.0,No,Used only to derive BMI
Multiple Birth,float64,10256,54,0.52,2,10256.0,0.019013260530421218,0.136578092133264,0.0,0.0,0.0,0.0,1.0,Yes,
Antenatal Visits,float64,10217,93,0.9,9,10217.0,3.1024762650484488,0.9737001329732182,0.0,2.0,3.0,4.0,8.0,Yes,
Gestation,float64,10310,0,0.0,269,10310.0,267.47361784675076,31.65419101958087,0.0,254.0,273.0,284.0,388.0,Yes,
Birthweight,float64,10215,95,0.92,275,10215.0,3034.685364659814,470.2536817890404,800.0,2800.0,3000.0,3300.0,5500.0,Yes,
Dexamethasone,float64,10287,23,0.22,3,10287.0,0.021191795470010693,0.20047100589972933,0.0,0.0,0.0,0.0,2.0,Yes,
CPAP,float64,10300,10,0.1,3,10300.0,0.030097087378640777,0.24310471650299326,0.0,0.0,0.0,0.0,2.0,Yes,
Oxygen,float64,10305,5,0.05,3,10305.0,0.032314410480349345,0.24809822091948305,0.0,0.0,0.0,0.0,2.0,Yes,
Kangaroo Mother Care,float64,10290,20,0.19,3,10290.0,0.1346938775510204,0.3727153537646346,0.0,0.0,0.0,0.0,2.0,Yes,
Cord care Chlorhexidine,float64,10307,3,0.03,3,10307.0,0.6765305132434268,0.4930678713790808,0.0,0.0,1.0,1.0,2.0,Yes,
Bag and Mask Resuscitation,float64,10308,2,0.02,3,10308.0,0.052677532013969734,0.3065211017325816,0.0,0.0,0.0,0.0,2.0,Yes,
